query,result_rank,score,source,content_preview,full_content,timestamp
What are the key challenges in implementing modular chemical plants?,1,0.58748794,/Users/mohammadalmusaiteer/PyNucleus-Model/converted_to_txt/Manuscript Draft_Can Modular Plants Lower African Industrialization Barriers.txt,Overall Extent: Modular chemical plants have a moderate to high potential to lower several critical economic and infrastructural barriers to African chemical industrialization. Their most significant ,"Overall Extent: Modular chemical plants have a moderate to high potential to lower several critical economic and infrastructural barriers to African chemical industrialization. Their most significant contributions are likely to be in:

De-risking Investment: Through lower initial CAPEX, phased deployment, and faster revenue generation.",2025-06-10 16:07:43
What are the key challenges in implementing modular chemical plants?,2,0.59998083,/Users/mohammadalmusaiteer/PyNucleus-Model/converted_to_txt/Manuscript Draft_Can Modular Plants Lower African Industrialization Barriers.txt,"To provide a clearer comparative context, Table 1 summarizes the key characteristics, advantages, and disadvantages of modular versus conventional chemical plant construction approaches.

Table 1: Com","To provide a clearer comparative context, Table 1 summarizes the key characteristics, advantages, and disadvantages of modular versus conventional chemical plant construction approaches.

Table 1: Comparison of Modular and Conventional Chemical Plant Construction Approaches





3.2.	Analysis of Barriers to Africa's Chemical Sector Industrialization",2025-06-10 16:07:43
What are the key challenges in implementing modular chemical plants?,3,0.6107583,/Users/mohammadalmusaiteer/PyNucleus-Model/converted_to_txt/Manuscript Draft_Can Modular Plants Lower African Industrialization Barriers.txt,"These case studies, while varied in scope and detail, collectively demonstrate growing interest and application of modular process plants in developing countries across diverse chemical sub-sectors. T","These case studies, while varied in scope and detail, collectively demonstrate growing interest and application of modular process plants in developing countries across diverse chemical sub-sectors. They highlight common themes: addressing local resource availability (stranded gas, biomass, renewables), meeting specific local demands (fuel, fertilizers, clean water), overcoming infrastructure limitations through decentralized deployment, and aiming for faster project execution with potentially",2025-06-10 16:07:43
How does supply chain management affect modular design?,1,0.74114573,/Users/mohammadalmusaiteer/PyNucleus-Model/web_sources/wikipedia_modular_design.txt,"Modular design, or modularity in design, is a design principle that subdivides a system into smaller parts called modules (such as modular process skids), which can be independently created, modified,","Modular design, or modularity in design, is a design principle that subdivides a system into smaller parts called modules (such as modular process skids), which can be independently created, modified, replaced, or exchanged with other modules or between different systems.

Overview",2025-06-10 16:07:43
How does supply chain management affect modular design?,2,0.74635386,/Users/mohammadalmusaiteer/PyNucleus-Model/web_sources/wikipedia_supply_chain.txt,"According to an industrial engineering study which looked at a process for Design for Supply Chain (DFSC), since the product design imposes multiple requirements on the supply chain, then once a produ","According to an industrial engineering study which looked at a process for Design for Supply Chain (DFSC), since the product design imposes multiple requirements on the supply chain, then once a product design is completed, it drives the structure of the supply chain, limiting the flexibility of engineers to generate and evaluate different (and potentially more cost-effective) supply-chain alternatives. Design for Supply Chain is described as",2025-06-10 16:07:43
How does supply chain management affect modular design?,3,0.84596777,/Users/mohammadalmusaiteer/PyNucleus-Model/web_sources/wikipedia_modular_design.txt,"Modularity offers benefits such as reduction in cost (customization can be limited to a portion of the system, rather than needing an overhaul of the entire system), interoperability, shorter learning","Modularity offers benefits such as reduction in cost (customization can be limited to a portion of the system, rather than needing an overhaul of the entire system), interoperability, shorter learning time, flexibility in design, non-generationally constrained augmentation or updating (adding new solution by merely plugging in a new module), and exclusion.  Modularity in platform systems, offer benefits in returning margins to scale, reduced product development cost, reduced O&M costs, and time",2025-06-10 16:07:43
What are the economic benefits of modular construction?,1,0.5365765,/Users/mohammadalmusaiteer/PyNucleus-Model/web_sources/wikipedia_modular_design.txt,Many misconceptions are held regarding modular buildings.[4] In reality modular construction is a viable method of construction for quick turnaround and fast growing companies. Industries that would b,"Many misconceptions are held regarding modular buildings.[4] In reality modular construction is a viable method of construction for quick turnaround and fast growing companies. Industries that would benefit from this include healthcare, commercial, retail, military, and multi-family/student housing.

In computer hardware",2025-06-10 16:07:43
What are the economic benefits of modular construction?,2,0.65580034,/Users/mohammadalmusaiteer/PyNucleus-Model/web_sources/wikipedia_modular_design.txt,"Modularity offers benefits such as reduction in cost (customization can be limited to a portion of the system, rather than needing an overhaul of the entire system), interoperability, shorter learning","Modularity offers benefits such as reduction in cost (customization can be limited to a portion of the system, rather than needing an overhaul of the entire system), interoperability, shorter learning time, flexibility in design, non-generationally constrained augmentation or updating (adding new solution by merely plugging in a new module), and exclusion.  Modularity in platform systems, offer benefits in returning margins to scale, reduced product development cost, reduced O&M costs, and time",2025-06-10 16:07:43
What are the economic benefits of modular construction?,3,0.66021407,/Users/mohammadalmusaiteer/PyNucleus-Model/web_sources/wikipedia_modular_design.txt,systems can create significant competitive advantage in markets.  A true modular system does not need to rely on product cycles to adapt its functionality to the current market state.  Properly design,"systems can create significant competitive advantage in markets.  A true modular system does not need to rely on product cycles to adapt its functionality to the current market state.  Properly designed modular systems also introduce the economic advantage of not carrying dead capacity, increasing the capacity utilization rate and its effect on cost and pricing flexibility.",2025-06-10 16:07:43
How does software architecture relate to modular design?,1,0.43390638,/Users/mohammadalmusaiteer/PyNucleus-Model/web_sources/wikipedia_modular_design.txt,"Modular design, or modularity in design, is a design principle that subdivides a system into smaller parts called modules (such as modular process skids), which can be independently created, modified,","Modular design, or modularity in design, is a design principle that subdivides a system into smaller parts called modules (such as modular process skids), which can be independently created, modified, replaced, or exchanged with other modules or between different systems.

Overview",2025-06-10 16:07:43
How does software architecture relate to modular design?,2,0.6025984,/Users/mohammadalmusaiteer/PyNucleus-Model/web_sources/wikipedia_software_architecture.txt,Software architecture design is commonly juxtaposed with software application design. Whilst application design focuses on the design of the processes and data supporting the required functionality (t,"Software architecture design is commonly juxtaposed with software application design. Whilst application design focuses on the design of the processes and data supporting the required functionality (the services offered by the system), software architecture design focuses on designing the infrastructure within which application functionality can be realized and executed such that the functionality is provided in a way which meets the system's non-functional requirements.",2025-06-10 16:07:43
How does software architecture relate to modular design?,3,0.61213845,/Users/mohammadalmusaiteer/PyNucleus-Model/web_sources/wikipedia_modular_design.txt,significantly higher than a platform system and requires experts in design and product strategy during the conception phase of system development. That phase must anticipate the directions and levels ,"significantly higher than a platform system and requires experts in design and product strategy during the conception phase of system development. That phase must anticipate the directions and levels of flexibility necessary in the system to deliver the modular benefits. Modular systems could be viewed as more complete or holistic design whereas platforms systems are more reductionist, limiting modularity to components.  Complete or holistic modular design requires a much higher level of design",2025-06-10 16:07:43
What are the environmental impacts of modular manufacturing?,1,0.7035237,/Users/mohammadalmusaiteer/PyNucleus-Model/converted_to_txt/Manuscript Draft_Can Modular Plants Lower African Industrialization Barriers.txt,"(PDF) Modular Manufacturing Processes: Status, Challenges and Opportunities, accessed May 26, 2025, https://www.researchgate.net/publication/318513414_Modular_Manufacturing_Processes_Status_Challenges","(PDF) Modular Manufacturing Processes: Status, Challenges and Opportunities, accessed May 26, 2025, https://www.researchgate.net/publication/318513414_Modular_Manufacturing_Processes_Status_Challenges_and_Opportunities

Small Modular Infrastructure | Request PDF - ResearchGate, accessed May 26, 2025, https://www.researchgate.net/publication/263073630_Small_Modular_Infrastructure",2025-06-10 16:07:43
What are the environmental impacts of modular manufacturing?,2,0.7424396,/Users/mohammadalmusaiteer/PyNucleus-Model/converted_to_txt/Manuscript Draft_Can Modular Plants Lower African Industrialization Barriers.txt,"Modular Construction, Advantages and Challenges - Real Projectives, accessed May 26, 2025, https://realprojectives.com/the-advantages-and-challenges-of-modular-construction/

www.aiche.org, accessed M","Modular Construction, Advantages and Challenges - Real Projectives, accessed May 26, 2025, https://realprojectives.com/the-advantages-and-challenges-of-modular-construction/

www.aiche.org, accessed May 26, 2025, https://www.aiche.org/sites/default/files/cep/20200321-49.pdf

Can South Africa's Chemicals industry aid the sustainability goals ..., accessed May 26, 2025, https://www.maersk.com/insights/sustainability/2024/03/26/africa-chemical-producers",2025-06-10 16:07:43
What are the environmental impacts of modular manufacturing?,3,0.7767713,/Users/mohammadalmusaiteer/PyNucleus-Model/converted_to_txt/Manuscript Draft_Can Modular Plants Lower African Industrialization Barriers.txt,"1.2.	Significance and Contribution of the Study

This study’s contribution is its focused and systematic exploration of how modularization can address the specific constraints of chemical manufacturin","1.2.	Significance and Contribution of the Study

This study’s contribution is its focused and systematic exploration of how modularization can address the specific constraints of chemical manufacturing in Africa, an intersection that remains underexplored in existing literature. By aligning the unique capabilities of modular technologies with Africa’s industrial realities, it provides valuable insights for policymakers, investors, technology developers, and researchers.



2.0.	Methods",2025-06-10 16:07:43
